<?xml version="1.0" encoding="UTF-8"?>
<beans xmlns="http://www.springframework.org/schema/beans" 
       xmlns:context="http://www.springframework.org/schema/context" 
       xmlns:xsi="http://www.w3.org/2001/XMLSchema-instance" 
       xmlns:mvc="http://www.springframework.org/schema/mvc"
       xsi:schemaLocation="http://www.springframework.org/schema/context  
                           http://www.springframework.org/schema/context/spring-context.xsd  
                           http://www.springframework.org/schema/beans
                           http://www.springframework.org/schema/beans/spring-beans.xsd
                           http://www.springframework.org/schema/mvc
                           http://www.springframework.org/schema/mvc/spring-mvc.xsd">
    

    <context:annotation-config></context:annotation-config>    
    <context:component-scan base-package="com.bbs.post.controller, com.bbs.user.controller, com.bbs.test"></context:component-scan>
    <mvc:annotation-driven></mvc:annotation-driven>
    
    <bean id="viewResolver" class="org.springframework.web.servlet.view.UrlBasedViewResolver"> 
	   <property name="viewClass" value="org.springframework.web.servlet.view.tiles3.TilesView" /> 
    </bean> 
	<bean id="tilesConfigurer" class="org.springframework.web.servlet.view.tiles3.TilesConfigurer"> 
        <property name="definitions"> 
            <list> 
                <value>/WEB-INF/tiles.xml</value> 
            </list> 
        </property> 
    </bean>
</beans>